Popular Releases,Peak Today,Price
SCARLET NEXUS,"10,231",£39.99
Dungeons & Dragons: Dark Alliance,"3,897",£34.99
Sun Haven,"1,626",£19.49
PULSAR: Lost Colony,"1,017",£15.59
Legend of Mana,"1,011",£24.99
Bro Falls: Ultimate Showdown,907,Free
Labyrinth City: Pierre the Maze Detective,385,£8.95
Rail Route,364,£10.25
Eiyu*Senki Gold - A New Conquest,283,£23.62
RoboLife-Days with Aino,272,£10.25
M.A.R.S.,229,Free
LEGO® Builder's Journey,153,£15.99
Hmmsim Metro,142,£15.49
Brass: Birmingham,117,£9.91
Vedelem: The Golden Horde,86,Free
